{
  "minecraft:geometry" : [
    {
      "bones" : [
        {
          "parent" : "body",
          "cubes" : [
            {
              "size" : [
                7,
                5,
                5
              ],
              "inflate" : 0,
              "origin" : [
                -3.5,
                9.5,
                -6.5
              ],
              "uv" : [
                0,
                0
              ],
              "pivot" : [
                0,
                8.3000001907348633,
                -2.7999999523162842
              ],
              "rotation" : [
                0,
                0,
                0
              ]
            },
            {
              "size" : [
                3,
                3,
                1
              ],
              "inflate" : 0,
              "origin" : [
                -4.5,
                14.5,
                -6.5
              ],
              "uv" : [
                24,
                0
              ],
              "pivot" : [
                0,
                8.3000001907348633,
                -2.7999999523162842
              ],
              "rotation" : [
                0,
                0,
                0
              ]
            },
            {
              "size" : [
                3,
                3,
                1
              ],
              "inflate" : 0,
              "origin" : [
                1.5,
                14.5,
                -6.5
              ],
              "uv" : [
                32,
                0
              ],
              "pivot" : [
                0,
                8.3000001907348633,
                -2.7999999523162842
              ],
              "rotation" : [
                0,
                0,
                0
              ]
            },
            {
              "size" : [
                2,
                3,
                2
              ],
              "inflate" : 0,
              "origin" : [
                -1,
                9,
                -8.5
              ],
              "uv" : [
                40,
                0
              ],
              "pivot" : [
                0,
                8.3000001907348633,
                -2.7999999523162842
              ],
              "rotation" : [
                0,
                0,
                0
              ]
            }
          ],
          "name" : "head",
          "pivot" : [
            0,
            11.5,
            -4
          ],
          "rotation" : [
            0,
            0,
            0
          ]
        },
        {
          "parent" : "head",
          "cubes" : [

          ],
          "name" : "head2",
          "pivot" : [
            0,
            10.5,
            -1
          ],
          "rotation" : [
            0,
            0,
            0
          ]
        },
        {
          "parent" : "head",
          "cubes" : [

          ],
          "name" : "beak1",
          "pivot" : [
            0,
            9,
            -1.5
          ],
          "rotation" : [
            0,
            0,
            0
          ]
        },
        {
          "parent" : "head",
          "cubes" : [

          ],
          "name" : "beak2",
          "pivot" : [
            0,
            10.5,
            -2.5
          ],
          "rotation" : [
            0,
            0,
            0
          ]
        },
        {
          "cubes" : [
            {
              "size" : [
                6,
                8,
                6
              ],
              "inflate" : 0,
              "origin" : [
                -3,
                2.5,
                -5
              ],
              "uv" : [
                48,
                0
              ],
              "pivot" : [
                0,
                7.5,
                -3
              ],
              "rotation" : [
                28.28700065612793,
                0,
                0
              ]
            }
          ],
          "name" : "body",
          "pivot" : [
            0,
            7.5,
            -3
          ],
          "rotation" : [
            0,
            0,
            0
          ]
        },
        {
          "parent" : "body",
          "cubes" : [

          ],
          "name" : "tail",
          "pivot" : [
            0,
            2.9000000953674316,
            1.2000000476837158
          ],
          "rotation" : [
            0,
            0,
            0
          ]
        },
        {
          "parent" : "body",
          "cubes" : [

          ],
          "name" : "wing0",
          "pivot" : [
            1.5,
            7.0999999046325684,
            -2.7999999523162842
          ],
          "rotation" : [
            0,
            0,
            0
          ]
        },
        {
          "parent" : "body",
          "cubes" : [

          ],
          "name" : "wing1",
          "pivot" : [
            -1.5,
            7.0999999046325684,
            -2.7999999523162842
          ],
          "rotation" : [
            0,
            0,
            0
          ]
        },
        {
          "parent" : "head",
          "cubes" : [

          ],
          "name" : "feather",
          "pivot" : [
            0,
            10.100000381469727,
            0.20000000298023224
          ],
          "rotation" : [
            0,
            0,
            0
          ]
        },
        {
          "parent" : "body",
          "cubes" : [

          ],
          "name" : "leg0",
          "pivot" : [
            1.5,
            1,
            -0.5
          ],
          "rotation" : [
            0,
            0,
            0
          ]
        },
        {
          "parent" : "body",
          "cubes" : [

          ],
          "name" : "leg1",
          "pivot" : [
            -0.5,
            1,
            -0.5
          ],
          "rotation" : [
            0,
            0,
            0
          ]
        },
        {
          "parent" : "body",
          "cubes" : [
            {
              "size" : [
                2,
                1,
                2
              ],
              "inflate" : 0,
              "origin" : [
                0.5,
                3,
                -1
              ],
              "uv" : [
                72,
                0
              ],
              "pivot" : [
                0,
                7.5,
                -3
              ],
              "rotation" : [
                1,
                0,
                0
              ]
            },
            {
              "size" : [
                2,
                3,
                2
              ],
              "inflate" : 0,
              "origin" : [
                0.5,
                0.0099999997764825821,
                -1
              ],
              "uv" : [
                80,
                0
              ],
              "pivot" : [
                0,
                7.5,
                -3
              ],
              "rotation" : [
                1,
                0,
                0
              ]
            },
            {
              "size" : [
                3,
                1,
                4
              ],
              "inflate" : 0,
              "origin" : [
                0,
                -1,
                -2.5
              ],
              "uv" : [
                88,
                0
              ],
              "pivot" : [
                0,
                7.5,
                -3
              ],
              "rotation" : [
                1,
                0,
                0
              ]
            }
          ],
          "name" : "owl_leg_0",
          "pivot" : [
            1.5,
            4,
            0
          ],