{
  "animations" : {
    "animation.iron_golem.walk_to_target27201FE9-5" : {
      "bones" : {
        "leg1" : {
          "rotation" : {
            "0.25" : [
              0,
              0,
              0
            ],
            "1" : [
              0,
              0,
              0
            ],
            "0.75" : [
              -32,
              0,
              0
            ],
            "0" : [
              0,
              0,
              0
            ],
            "0.5" : [
              58,
              0,
              0
            ]
          },
          "position" : {
            "0.25" : [
              0,
              0,
              4
            ],
            "1" : [
              0,
              0,
              0
            ],
            "0.75" : [
              0,
              4,
              -5
            ],
            "0" : [
              0,
              0,
              0
            ],
            "0.5" : [
              0,
              0,
              0
            ]
          }
        },
        "arm2" : {
          "rotation" : {
            "0.25" : [
              39,
              0,
              0
            ],
            "1" : [
              0,
              0,
              0
            ],
            "0.75" : [
              -46,
              0,
              0
            ],
            "0" : [
              0,
              0,
              0
            ],
            "0.5" : [
              0,
              0,
              0
            ]
          }
        },
        "head_light_up" : {
          "scale" : {
            "0" : [
              1.0099999904632568,
              1.0099999904632568,
              1.0099999904632568
            ]
          }
        },
        "leg2" : {
          "rotation" : {
            "0.25" : [
              0,
              0,
              0
            ],
            "1" : [
              55,
              0,
              0
            ],
            "0.75" : [
              0,
              0,
              0
            ],
            "0" : [
              55,
              0,
              0
            ],
            "0.5" : [
              -32,
              0,
              0
            ]
          },
          "position" : {
            "0.25" : [
              0,
              4,
              -5
            ],
            "1" : [
              0,
              0,
              0
            ],
            "0.75" : [
              0,
              0,
              4
            ],
            "0" : [
              0,
              0,
              0
            ],
            "0.5" : [
              0,
              0,
              0
            ]
          }
        },
        "head" : {
          "rotation" : {
            "0.25" : [
              -10,
              0,
              0
            ],
            "1" : [
              0,
              0,
              0
            ],
            "0.75" : [
              -19,
              0,
              0
            ],
            "0" : [
              0,
              0,
              0
            ],
            "0.5" : [
              0,
              0,
              0
            ]
          }
        },
        "arm0" : {

        },
        "body" : {
          "rotation" : {
            "0.25" : [
              6,
              0,
              0
            ],
            "1" : [
              0,
              0,
              0
            ],
            "0.75" : [
              11,
              0,
              0
            ],
            "0" : [
              0,
              0,
              0
            ],
            "0.5" : [
              0,
              0,
              0
            ]
          }
        },
        "leg0" : {

        },
        "arm1" : {
          "rotation" : {
            "0.25" : [
              -48,
              0,
              0
            ],
            "1" : [
              0,
              0,
              0
            ],
            "0.75" : [
              28,
              0,
              0
            ],
            "0" : [
              0,
              0,
              0
            ],
            "0.5" : [
              0,
              0,
              0
            ]
          }
        }
      },
      "animation_length" : 1,
      "loop" : true
    },
    "animation.iron_golem.walk27201FE9-5" : {
      "bones" : {
        "leg1" : {
          "scale" : {
            "0" : [
              1,
              1,
              1
            ],
            "0.33" : [
              1,
              1,
              1
            ]
          },
          "rotation" : {
            "0.33" : [
              0,
              0,
              0
            ],
            "1.32" : [
              0,
              0,
              0
            ],
            "0.99" : [
              -22,
              0,
              0
            ],
            "0" : [
              0,
              0,
              0
            ],
            "0.66" : [
              37,
              0,
              0
            ]
          },
          "position" : {
            "0.33" : [
              0,
              0,
              3
            ],
            "1.32" : [
              0,
              0,
              0
            ],
            "0.99" : [
              0,
              3,
              -3
            ],
            "0" : [
              0,
              0,
              0
            ],
            "0.66" : [
              0,
              0,
              0
            ]
          }
        },
        "arm2" : {
          "rotation" : {
            "0.33" : [
              29,
              0,
              0
            ],
            "1.32" : [
              0,
              0,
              0
            ],
            "0.99" : [
              -33,
              0,
              0
            ],
            "0" : [
              0,
              0,
              0
            ],
            "0.66" : [
              0,
              0,
              0
            ]
          },
          "position" : {
            "0.33" : [
              0,
              -1,
              1
            ],
            "1.32" : [
              0,
              0,
              0
            ],
            "0.99" : [
              0,
              -1,
              -1
            ],
            "0" : [
              0,
              0,
              0
            ],
            "0.66" : [
              0,
              0,
              0
            ]
          }
        },
        "leg2" : {
          "rotation" : {
            "0.33" : [
              0,
              0,
              0
            ],
            "1.32" : [
              31,
              0,
              0
            ],
            "0.99" : [
              0,
              0,
              0
            ],
            "0" : [
              31,
              0,
              0
            ],
            "0.66" : [
              -19,
              0,
              0
            ]
          },
          "position" : {
            "0.33" : [
              0,
              3,
              -3
            ],
            "1.32" : [
              0,
              0,
              0
            ],
            "0.99" : [
              0,
              0,
              3
            ],
            "0" : [
              0,
              0,
              0
            ],
            "0.66" : [
              0,
              0,
              0
            ]
          }
        },
        "head" : {
          "rotation" : {
            "0.33" : [
              0,
              2,
              4
            ],
            "1.32" : [
              0,
              0,
              0
            ],
            "0.99" : [
              0,
              -3,
              -5
            ],
            "0" : [
              0,
              0,
              0
            ],